Date,HomeTeam,AwayTeam,FTR,home_avg_goals_5,away_avg_goals_5,home_avg_goals_conceded_5,away_avg_goals_conceded_5,home_avg_points_5,away_avg_points_5,home_avg_shots_5,away_avg_shots_5,home_avg_shots_target_5,away_avg_shots_target_5,home_home_points_5,away_away_points_5,home_home_goals_5,away_away_goals_5,Predicted_Result,Prob_A,Prob_D,Prob_H
2026-03-14,Inter,Atalanta,D,2.4,1.8,0.6,1.2,2.4,2.0,18.6,19.8,7.4,6.4,2.6,1.6,2.8,1.2,H,0.227399858878494,0.33830746964261255,0.43429267147889344
2026-03-15,Verona,Genoa,A,0.8,1.4,1.6,1.2,0.8,1.4,8.6,12.8,1.8,4.2,0.2,0.6,0.8,0.6,A,0.5954686352556108,0.2698089147599704,0.13472244998441874
2026-03-15,Pisa,Cagliari,H,0.2,0.4,1.6,1.4,0.2,0.4,7.6,8.8,2.2,2.2,0.2,1.0,0.6,1.0,D,0.3342522608488325,0.40903453921978855,0.256713199931379
2026-03-15,Sassuolo,Bologna,A,1.6,1.0,1.8,0.8,1.8,1.8,7.8,13.6,3.6,3.4,1.8,2.0,1.2,1.8,A,0.48008574887682426,0.37026443240550844,0.14964981871766728
2026-03-15,Como,Roma,H,1.8,2.2,1.0,1.4,2.0,1.6,11.4,13.2,3.6,3.6,1.4,1.4,2.2,1.4,D,0.3081067090911937,0.5048859059747202,0.18700738493408617
2026-03-15,Lazio,Milan,H,0.8,1.2,1.4,0.6,1.0,2.0,12.4,13.4,3.6,4.0,1.4,2.6,1.4,2.2,A,0.4066619685310891,0.3709624707372749,0.22237556073163592
2026-03-16,Cremonese,Fiorentina,A,0.4,1.0,1.8,1.2,0.2,1.6,11.6,13.0,3.6,2.8,0.6,1.4,0.4,1.4,A,0.47383244378671635,0.31845884315462747,0.2077087130586563
2026-03-20,Genoa,Udinese,A,1.4,1.2,0.6,1.2,2.0,0.8,12.6,9.2,4.2,3.2,2.4,1.4,2.6,1.6,D,0.09404850602720442,0.5177318067031038,0.3882196872696917
2026-03-20,Cagliari,Napoli,A,0.6,1.8,1.6,1.4,0.4,2.0,11.0,11.2,2.8,5.8,1.4,1.4,1.2,1.6,A,0.39283558905858884,0.37174624768641623,0.2354181632549949
2026-03-21,Juventus,Sassuolo,D,2.0,1.6,1.6,1.0,1.4,1.8,16.4,8.2,6.2,3.8,2.0,1.2,2.8,1.2,H,0.093382812764471,0.3694780952889848,0.5371390919465443
2026-03-21,Milan,Torino,H,0.8,1.6,0.6,1.6,1.4,1.2,15.4,9.8,4.2,4.0,1.6,0.2,0.8,0.6,H,0.18019947062395494,0.32089809653138107,0.4989024328446639
2026-03-21,Parma,Cremonese,A,1.0,0.4,1.2,2.2,1.6,0.2,13.6,11.8,3.6,3.8,1.0,0.0,0.8,0.4,H,0.31206450993718826,0.23797626393079638,0.44995922613201533
2026-03-22,Fiorentina,Inter,D,1.4,1.6,1.0,0.8,2.0,2.0,11.4,17.2,3.0,5.8,1.2,2.4,1.0,2.0,A,0.6755471480719594,0.20181270557639885,0.12264014635164176
2026-03-22,Como,Pisa,H,2.0,0.8,0.8,1.8,2.6,0.6,12.6,7.4,4.4,2.8,2.0,0.4,2.4,0.8,H,0.12671939223486772,0.419757141170462,0.45352346659467035
2026-03-22,Atalanta,Verona,H,1.6,0.8,1.2,2.0,1.6,0.6,15.6,9.4,5.2,2.0,2.6,0.8,2.4,0.6,H,0.048019375746037936,0.39280194390969714,0.559178680344265
2026-03-22,Bologna,Lazio,A,1.2,0.6,0.6,1.0,2.4,1.4,13.6,12.0,3.6,3.6,0.6,1.2,0.6,0.6,A,0.5164614683333764,0.2082265940051042,0.2753119376615195
2026-03-22,Roma,Lecce,H,2.0,1.2,1.8,1.6,1.0,1.2,10.8,8.4,2.8,2.2,2.2,0.6,2.2,0.8,D,0.11439337221144905,0.5067715170979029,0.37883511069064807
2026-04-04,Verona,Fiorentina,A,0.6,1.2,1.8,1.0,0.6,1.6,11.0,13.2,2.4,3.6,0.2,1.8,0.8,1.8,A,0.6163700224556001,0.2445938817867379,0.13903609575766207
2026-04-04,Lazio,Parma,D,1.0,0.6,0.6,1.4,2.0,1.0,10.2,9.8,3.6,2.2,1.8,1.4,1.2,0.6,D,0.18302264440292168,0.49697498758318565,0.32000236801389276
2026-04-04,Sassuolo,Cagliari,H,1.4,0.6,1.0,1.4,1.4,0.4,7.6,10.2,3.4,2.8,1.8,0.8,1.2,0.8,D,0.16979419109020744,0.47961610555833256,0.35058970335145995
2026-04-05,Inter,Roma,H,1.2,1.8,0.6,1.4,1.6,1.4,15.4,11.8,4.8,2.8,2.6,0.8,2.6,1.2,D,0.09160629990928887,0.5713617583026755,0.3370319417880356
2026-04-05,Cremonese,Bologna,A,0.8,0.8,2.2,0.8,0.6,1.8,9.4,13.8,3.0,3.2,0.4,2.4,0.2,1.8,A,0.6500005723342553,0.21681581205291703,0.13318361561282765
2026-04-05,Pisa,Torino,A,0.6,1.8,2.4,1.8,0.6,1.2,7.4,12.2,2.4,5.0,0.8,0.2,1.2,1.0,A,0.5359833003998299,0.33618673750558764,0.12782996209458247
2026-04-06,Udinese,Como,D,1.4,2.8,0.8,0.6,1.4,3.0,8.8,13.4,3.6,5.0,1.2,2.6,1.0,2.2,A,0.5063239636747641,0.39980748760597196,0.09386854871926412
2026-04-06,Lecce,Atalanta,A,0.8,1.4,1.8,1.2,0.6,1.6,7.4,15.4,2.0,4.8,1.4,1.2,1.0,1.0,A,0.49108774070247413,0.37037698936441255,0.13853526993311324
2026-04-06,Juventus,Genoa,H,1.8,1.4,1.2,1.0,1.6,1.8,17.8,12.4,6.2,3.4,1.6,1.0,2.0,0.8,H,0.17769786561547976,0.3209497454344884,0.5013523889500319
2026-04-06,Napoli,Milan,H,1.6,1.2,1.0,0.8,2.4,1.8,12.4,17.2,5.4,4.6,2.6,2.0,1.8,1.6,D,0.34272143107481573,0.4121505478642678,0.24512802106091658
2026-04-10,Roma,Pisa,H,1.6,0.6,2.4,2.4,0.8,0.6,9.0,7.4,2.4,2.4,2.2,0.2,2.0,0.4,D,0.1189600221591474,0.4857656218081841,0.3952743560326685
2026-04-11,Atalanta,Juventus,A,1.6,2.2,1.0,0.8,1.6,2.2,16.6,18.8,4.6,6.6,2.6,1.4,2.2,2.0,A,0.3683617000142914,0.33461437808266054,0.297023921903048
2026-04-11,Milan,Udinese,A,1.2,1.4,0.8,0.6,1.8,1.6,13.6,9.6,3.6,3.8,2.0,1.4,1.2,1.6,H,0.22479541610882497,0.3556283354551175,0.4195762484360575
2026-04-11,Cagliari,Cremonese,H,0.8,1.0,1.8,2.0,0.2,0.6,10.2,10.8,3.0,3.6,0.8,0.6,1.0,0.8,D,0.268708142245633,0.38473161444057224,0.3465602433137947
2026-04-11,Torino,Verona,H,2.0,0.6,1.2,1.4,1.8,0.6,13.4,12.8,4.8,3.8,1.8,0.6,1.6,0.6,H,0.17905051493518528,0.28601834211793464,0.53493114294688
2026-04-12,Genoa,Sassuolo,H,0.8,1.2,1.4,1.2,1.2,1.4,11.6,7.8,3.0,3.0,1.8,1.4,2.0,1.4,D,0.17561767505983153,0.5120266666821528,0.3123556582580157
2026-04-12,Parma,Napoli,D,0.6,1.6,1.6,0.6,0.6,3.0,9.4,12.4,2.4,5.2,1.0,1.8,0.8,1.4,A,0.6348361066005105,0.26651342922590854,0.09865046417358103
2026-04-12,Bologna,Lecce,H,1.0,0.8,1.0,2.0,1.8,0.6,14.4,9.0,3.4,2.0,0.6,0.6,0.4,0.8,H,0.3104874213226372,0.26698860165583216,0.4225239770215306
2026-04-12,Como,Inter,A,2.4,1.8,0.6,1.0,2.6,1.6,13.6,14.0,5.4,4.8,2.0,2.0,2.2,2.0,D,0.27231374592935237,0.39516440555983917,0.33252184851080846
2026-04-13,Fiorentina,Lazio,H,1.2,1.2,1.0,0.8,1.6,2.0,11.2,9.6,2.8,3.6,1.2,1.2,1.0,0.8,A,0.3866366238658465,0.35076161170232434,0.26260176443182925
2026-04-17,Inter,Cagliari,H,2.2,0.8,1.6,1.6,1.6,0.6,12.6,11.4,4.6,3.0,2.6,0.8,3.4,1.0,D,0.08015785540077235,0.4963702094849526,0.42347193511427517
2026-04-17,Sassuolo,Como,H,1.0,2.4,1.4,1.2,0.8,2.0,9.4,16.0,3.2,5.6,1.8,2.2,1.4,1.6,D,0.34232890516375325,0.4889626535552095,0.1687084412810374
2026-04-18,Roma,Atalanta,D,1.6,1.4,1.8,0.8,1.2,1.6,8.4,15.8,2.0,3.8,2.6,1.6,2.4,1.4,D,0.26138839600586933,0.5630601676869676,0.17555143630716294
2026-04-18,Napoli,Lazio,A,1.4,1.2,0.6,0.6,2.6,2.0,14.6,9.8,5.4,4.2,2.6,1.0,1.8,0.8,H,0.18135743134936627,0.38510617693881016,0.4335363917118235
2026-04-18,Udinese,Parma,A,1.4,0.6,0.6,1.6,1.6,0.6,10.0,6.4,3.6,2.0,1.4,1.6,1.0,0.8,H,0.11119664200949621,0.42536023865711153,0.4634431193333924
2026-04-19,Cremonese,Torino,D,1.0,2.0,1.8,1.4,0.6,1.8,8.8,13.0,3.4,4.2,0.2,0.8,0.4,1.2,A,0.6169371777936934,0.2663975264649061,0.11666529574140055
2026-04-19,Verona,Milan,A,0.6,0.8,1.4,1.4,0.6,1.2,14.8,13.6,4.2,3.0,0.2,1.8,0.4,1.4,A,0.4368398065824121,0.24684998071458314,0.31631021270300486
2026-04-19,Pisa,Genoa,A,0.6,1.2,2.8,1.2,0.6,1.8,8.0,13.2,2.8,4.0,0.6,0.8,1.0,0.8,A,0.6451934413631879,0.25647805031915766,0.09832850831765441
2026-04-19,Juventus,Bologna,H,1.8,1.2,0.2,1.0,2.6,1.8,17.6,15.2,6.0,4.0,1.6,2.4,1.8,1.6,H,0.29097216225047373,0.31817103606512714,0.39085680168439907
2026-04-20,Lecce,Fiorentina,D,0.6,1.4,1.8,0.4,0.6,2.2,9.2,10.8,1.8,3.2,1.4,1.8,0.8,1.6,A,0.4248779709766156,0.3985179202195854,0.17660410880379895
2026-04-24,Napoli,Cremonese,H,1.0,0.8,0.8,1.4,2.0,0.8,14.2,9.6,3.6,3.2,2.0,0.6,1.4,0.8,H,0.169529872092517,0.3446627372088145,0.48580739069866846
2026-04-25,Verona,Lecce,D,0.2,0.4,1.4,1.8,0.0,0.2,14.4,10.2,3.6,2.0,0.2,0.6,0.2,0.8,H,0.2210711648701166,0.2651339836483641,0.5137948514815193
2026-04-25,Bologna,Roma,A,1.0,1.6,1.0,1.6,1.8,1.4,12.8,10.6,3.6,3.6,1.2,0.2,0.8,1.2,A,0.430620019222345,0.3190920058218283,0.2502879749558267
2026-04-25,Parma,Pisa,H,0.8,0.8,1.6,2.4,1.0,0.6,6.8,9.0,2.2,3.2,1.0,0.2,1.0,0.0,D,0.28862710801314495,0.46947680275543746,0.24189608923141764
2026-04-26,Fiorentina,Sassuolo,D,1.6,1.2,0.6,1.2,2.2,1.4,9.4,10.2,3.6,3.2,1.8,1.4,1.0,1.6,D,0.3136382522499109,0.43242726760818795,0.25393448014190106
2026-04-26,Genoa,Como,A,1.2,2.2,1.2,1.4,1.8,1.4,13.6,16.8,4.0,5.8,1.8,1.6,1.8,1.2,D,0.3350445580586618,0.38598715319259824,0.2789682887487399
2026-04-26,Torino,Inter,D,1.8,2.8,1.0,1.4,2.0,2.2,12.4,14.0,3.6,5.2,2.4,2.0,2.0,2.4,D,0.3149893547178156,0.48873666572372315,0.1962739795584612
2026-04-26,Milan,Juventus,D,0.8,1.4,1.4,0.2,1.2,2.6,13.0,15.4,3.2,5.4,1.4,2.0,1.0,2.2,A,0.6638369868566169,0.20321413920759196,0.13294887393579122
2026-04-27,Cagliari,Atalanta,H,0.6,1.2,1.8,0.6,0.6,1.6,11.8,13.0,2.6,3.4,0.8,1.6,0.4,1.6,A,0.5045358664951112,0.2662951104188143,0.2291690230860745
2026-04-27,Lazio,Udinese,D,1.2,1.0,0.4,0.4,2.0,1.4,10.0,11.6,4.6,3.8,2.0,1.4,1.4,1.6,D,0.26500622997403644,0.4577002261662813,0.27729354385968225
2026-05-01,Pisa,Lecce,A,0.2,0.2,2.4,1.4,0.0,0.4,9.4,10.2,2.6,2.0,0.6,0.2,1.0,0.4,D,0.3062181067299609,0.38689557758697485,0.3068863156830642
2026-05-02,Como,Napoli,D,2.2,1.4,1.2,0.6,1.4,2.0,14.0,16.8,4.8,4.6,1.8,2.0,2.8,1.6,D,0.29551897311763686,0.42270360386548445,0.28177742301687875
2026-05-02,Atalanta,Genoa,D,1.4,0.8,1.0,1.6,1.4,1.2,13.8,13.2,4.0,3.6,2.0,1.4,1.4,0.8,H,0.18796960624255238,0.36820931080059394,0.4438210829568537
2026-05-02,Udinese,Torino,H,1.6,1.4,0.8,1.2,1.6,1.6,12.8,12.2,4.8,2.8,0.8,0.8,0.8,0.8,A,0.3702717478789,0.3422488711499172,0.28747938097118286
2026-05-03,Sassuolo,Milan,H,1.2,0.8,1.0,1.2,1.6,1.4,10.6,11.2,2.8,2.8,2.4,1.8,1.8,1.0,D,0.1642445945240001,0.5331124188741774,0.3026429866018225
2026-05-03,Juventus,Verona,D,1.2,0.2,0.2,1.0,2.2,0.2,13.0,14.0,4.8,4.0,2.0,0.6,1.8,0.8,H,0.1823732649964818,0.3487579523409615,0.4688687826625568
2026-05-03,Bologna,Cagliari,D,0.8,1.0,1.4,1.6,1.2,1.2,11.6,10.8,3.4,2.6,1.2,0.2,0.8,0.6,D,0.3451503262682132,0.3760216687195525,0.27882800501223437
2026-05-03,Inter,Parma,H,3.0,0.8,1.6,0.8,2.2,1.6,13.6,8.6,5.6,2.6,2.6,1.6,2.8,0.8,H,0.07682092746557333,0.36925966617948375,0.5539194063549429
